sequence_index,alternative_log_radius,radius_over_old_gap,lower_tau,q_eff_reference,mahalanobis_distance,minimax_midpoint_error,probability_score_exceeds_ln10_under_target,log10_probability_score_exceeds_ln10_under_target,uniform_infimum_distance,uniform_minimax_max_error,interpretation
0,0.004355437628170275,1.0,1.3802695723157805,0.0011519090213259128,3.7810604375308374,0.029343541494637027,0.9,-0.045757490560675115,0.0,0.5,pointwise alternatives approach target; unrestricted continuous family has zero uniform distance
1,0.00043554376281702747,0.1,1.3856907007272785,0.0011519090213259128,0.37810604375308376,0.42502563027418827,1.8094451465310035e-09,-8.742454578026898,0.0,0.5,pointwise alternatives approach target; unrestricted continuous family has zero uniform distance
2,4.355437628170275e-05,0.01,1.386233983248519,0.0011519090213259128,0.03781060437530837,0.4924583248818388,0.0,-806.9851524717567,0.0,0.5,pointwise alternatives approach target; unrestricted continuous family has zero uniform distance
3,4.355437628170275e-06,0.001,1.3862883232144154,0.0011519090213259128,0.0037810604375308377,0.49924578801263003,0.0,-80532.82375279443,0.0,0.5,pointwise alternatives approach target; unrestricted continuous family has zero uniform distance
4,4.355437628170275e-07,0.0001,1.3862937573281595,0.0011519090213259128,0.00037810604375308374,0.4999245787567851,0.0,-8053017.689711202,0.0,0.5,pointwise alternatives approach target; unrestricted continuous family has zero uniform distance
5,4.355437628170275e-08,1e-05,1.3862943007407056,0.0011519090213259128,3.781060437530838e-05,0.499992457875634,0.0,-805301405.2856113,0.0,0.5,pointwise alternatives approach target; unrestricted continuous family has zero uniform distance
6,4.355437628170275e-09,1e-06,1.386294355081972,0.0011519090213259128,3.7810604375308377e-06,0.4999992457875634,0.0,-80530140065.87563,0.0,0.5,pointwise alternatives approach target; unrestricted continuous family has zero uniform distance
7,4.3554376281702745e-10,1e-07,1.386294360516099,0.0011519090213259128,3.7810604375308374e-07,0.49999992457875636,0.0,-8053014006025.878,0.0,0.5,pointwise alternatives approach target; unrestricted continuous family has zero uniform distance
8,4.355437628170275e-11,1e-08,1.3862943610595113,0.0011519090213259128,3.7810604375308374e-08,0.49999999245787563,0.0,-805301400601927.0,0.0,0.5,pointwise alternatives approach target; unrestricted continuous family has zero uniform distance
9,4.355437628170275e-12,1e-09,1.3862943611138527,0.0011519090213259128,3.781060437530838e-09,0.4999999992457876,0.0,-8.053014006019194e+16,0.0,0.5,pointwise alternatives approach target; unrestricted continuous family has zero uniform distance
